Model,Accuracy,AUC,Precision,Recall,F1,MCC
Decision Tree,0.8544449562413634,0.8921589009719157,0.7686308492201039,0.5656887755102041,0.6517266715650257,0.572957532876549
