Model,Accuracy,AUC,Precision,Recall,F1,MCC
KNN,0.8406264394288346,0.8915027676894822,0.6898280802292264,0.6141581632653061,0.6497975708502024,0.5486336793235472
