Model,Accuracy,AUC,Precision,Recall,F1,MCC
Logistic Regression,0.8542914171656687,0.9043452466932171,0.7393658159319412,0.6096938775510204,0.6682977979727368,0.5804376795941794
