Model,Accuracy,AUC,Precision,Recall,F1,MCC
Naive Bayes,0.7944111776447106,0.8730747405129899,0.5553942912433478,0.7321428571428571,0.631636863823934,0.5018007121591272
