Model,Accuracy,AUC,Precision,Recall,F1,MCC
Random Forest,0.857362198679564,0.9109597150285796,0.7723785166240409,0.5778061224489796,0.6610726012404232,0.5827900693726188
