Model,Accuracy,AUC,Precision,Recall,F1,MCC
XGBoost,0.8697988638108398,0.9251073027795547,0.7727272727272727,0.6505102040816326,0.7063711911357341,0.6273304660423282
